"annotation_id","annotator","choice","created_at","id","image","lead_time","updated_at"
1,"1","dog","2026-01-31T06:23:42.302532Z",201,"/data/local-files/?d=Pets%5C0.jpg",62.47,"2026-01-31T06:23:42.302532Z"
2,"1","dog","2026-01-31T06:24:03.654973Z",202,"/data/local-files/?d=Pets%5C1.jpg",21.111,"2026-01-31T06:24:03.654973Z"
3,"1","dog","2026-01-31T06:24:23.441235Z",203,"/data/local-files/?d=Pets%5C10.jpg",19.556,"2026-01-31T06:24:23.441235Z"
4,"1","dog","2026-01-31T06:24:28.949438Z",204,"/data/local-files/?d=Pets%5C100.jpg",5.288,"2026-01-31T06:24:28.949438Z"
5,"1","dog","2026-01-31T06:24:36.941113Z",205,"/data/local-files/?d=Pets%5C1000.jpg",7.761,"2026-01-31T06:24:36.941113Z"
6,"1","dog","2026-01-31T06:24:42.642396Z",206,"/data/local-files/?d=Pets%5C10000.jpg",5.48,"2026-01-31T06:24:42.642396Z"
7,"1","dog","2026-01-31T23:13:48.522802Z",207,"/data/local-files/?d=Pets%5C10001.jpg",60545.65,"2026-01-31T23:13:48.522802Z"
8,"1","dog","2026-01-31T23:13:55.611936Z",208,"/data/local-files/?d=Pets%5C10002.jpg",6.769,"2026-01-31T23:13:55.611936Z"
9,"1","dog","2026-01-31T23:14:00.375477Z",209,"/data/local-files/?d=Pets%5C10003.jpg",4.533,"2026-01-31T23:14:00.375477Z"
10,"1","dog","2026-01-31T23:14:08.049847Z",210,"/data/local-files/?d=Pets%5C10004.jpg",7.45,"2026-01-31T23:14:08.049847Z"
11,"1","dog","2026-01-31T23:14:15.099162Z",211,"/data/local-files/?d=Pets%5C10005.jpg",6.808,"2026-01-31T23:14:15.099162Z"
12,"1","dog","2026-01-31T23:14:22.716351Z",212,"/data/local-files/?d=Pets%5C10006.jpg",7.349,"2026-01-31T23:14:22.716351Z"
13,"1","dog","2026-01-31T23:14:27.314098Z",213,"/data/local-files/?d=Pets%5C10007.jpg",4.353,"2026-01-31T23:14:27.314098Z"
14,"1","dog","2026-01-31T23:14:32.294482Z",214,"/data/local-files/?d=Pets%5C10008.jpg",4.753,"2026-01-31T23:14:32.294482Z"
15,"1","dog","2026-01-31T23:14:39.219894Z",215,"/data/local-files/?d=Pets%5C10009.jpg",6.717,"2026-01-31T23:14:39.219894Z"
16,"1","dog","2026-01-31T23:14:44.063441Z",216,"/data/local-files/?d=Pets%5C1001.jpg",4.624,"2026-01-31T23:14:44.063441Z"
17,"1","dog","2026-01-31T23:14:51.227382Z",217,"/data/local-files/?d=Pets%5C10010.jpg",6.943,"2026-01-31T23:14:51.227382Z"
18,"1","dog","2026-01-31T23:14:55.145169Z",218,"/data/local-files/?d=Pets%5C10011.jpg",3.673,"2026-01-31T23:14:55.145169Z"
19,"1","dog","2026-01-31T23:15:01.734950Z",219,"/data/local-files/?d=Pets%5C10012.jpg",6.382,"2026-01-31T23:15:01.734950Z"
20,"1","dog","2026-01-31T23:15:05.831081Z",220,"/data/local-files/?d=Pets%5C10013.jpg",3.895,"2026-01-31T23:15:05.831081Z"
21,"1","dog","2026-01-31T23:15:10.029965Z",221,"/data/local-files/?d=Pets%5C10014.jpg",3.997,"2026-01-31T23:15:10.029965Z"
22,"1","dog","2026-01-31T23:15:16.189883Z",222,"/data/local-files/?d=Pets%5C10015.jpg",5.636,"2026-01-31T23:15:16.189883Z"
23,"1","dog","2026-01-31T23:15:19.996958Z",223,"/data/local-files/?d=Pets%5C10016.jpg",3.552,"2026-01-31T23:15:19.996958Z"
24,"1","dog","2026-01-31T23:15:28.486470Z",224,"/data/local-files/?d=Pets%5C10017.jpg",8.247,"2026-01-31T23:15:28.486470Z"
25,"1","dog","2026-01-31T23:15:32.424838Z",225,"/data/local-files/?d=Pets%5C10018.jpg",3.633,"2026-01-31T23:15:32.424838Z"
26,"1","dog","2026-01-31T23:15:36.406941Z",226,"/data/local-files/?d=Pets%5C10019.jpg",3.431,"2026-01-31T23:15:36.406941Z"
27,"1","dog","2026-01-31T23:15:40.413116Z",227,"/data/local-files/?d=Pets%5C1002.jpg",3.775,"2026-01-31T23:15:40.413116Z"
28,"1","dog","2026-01-31T23:15:46.647559Z",228,"/data/local-files/?d=Pets%5C10020.jpg",5.686,"2026-01-31T23:15:46.647559Z"
29,"1","dog","2026-01-31T23:15:50.442885Z",229,"/data/local-files/?d=Pets%5C10021.jpg",3.57,"2026-01-31T23:15:50.442885Z"
30,"1","dog","2026-01-31T23:15:56.182020Z",230,"/data/local-files/?d=Pets%5C10022.jpg",5.176,"2026-01-31T23:15:56.182020Z"
31,"1","dog","2026-01-31T23:16:04.171478Z",231,"/data/local-files/?d=Pets%5C10023.jpg",7.778,"2026-01-31T23:16:04.171478Z"
32,"1","dog","2026-01-31T23:16:10.744098Z",232,"/data/local-files/?d=Pets%5C10024.jpg",6.33,"2026-01-31T23:16:10.744098Z"
33,"1","dog","2026-01-31T23:16:15.929893Z",233,"/data/local-files/?d=Pets%5C10025.jpg",4.979,"2026-01-31T23:16:15.929893Z"
34,"1","dog","2026-01-31T23:16:21.157412Z",234,"/data/local-files/?d=Pets%5C10026.jpg",4.976,"2026-01-31T23:16:21.157412Z"
35,"1","dog","2026-01-31T23:16:41.792306Z",235,"/data/local-files/?d=Pets%5C10027.jpg",20.427,"2026-01-31T23:16:41.792306Z"
36,"1","dog","2026-01-31T23:16:48.810200Z",236,"/data/local-files/?d=Pets%5C10028.jpg",6.786,"2026-01-31T23:16:48.810200Z"
37,"1","dog","2026-01-31T23:16:53.493831Z",237,"/data/local-files/?d=Pets%5C10029.jpg",4.446,"2026-01-31T23:16:53.493831Z"
38,"1","dog","2026-01-31T23:16:57.322327Z",238,"/data/local-files/?d=Pets%5C1003.jpg",3.565,"2026-01-31T23:16:57.322327Z"
39,"1","dog","2026-01-31T23:17:01.369710Z",239,"/data/local-files/?d=Pets%5C10030.jpg",3.504,"2026-01-31T23:17:01.369710Z"
40,"1","dog","2026-01-31T23:17:05.223063Z",240,"/data/local-files/?d=Pets%5C10031.jpg",3.615,"2026-01-31T23:17:05.223063Z"
41,"1","dog","2026-01-31T23:17:10.847086Z",241,"/data/local-files/?d=Pets%5C10032.jpg",5.077,"2026-01-31T23:17:10.847086Z"
42,"1","dog","2026-01-31T23:17:14.804343Z",242,"/data/local-files/?d=Pets%5C10033.jpg",3.727,"2026-01-31T23:17:14.804343Z"
43,"1","dog","2026-01-31T23:17:17.907158Z",243,"/data/local-files/?d=Pets%5C10034.jpg",2.842,"2026-01-31T23:17:17.907158Z"
44,"1","dog","2026-01-31T23:17:24.333055Z",244,"/data/local-files/?d=Pets%5C10035.jpg",5.877,"2026-01-31T23:17:24.333055Z"
45,"1","dog","2026-01-31T23:17:29.531046Z",245,"/data/local-files/?d=Pets%5C10036.jpg",4.985,"2026-01-31T23:17:29.531046Z"
46,"1","dog","2026-01-31T23:17:34.501273Z",246,"/data/local-files/?d=Pets%5C10037.jpg",4.76,"2026-01-31T23:17:34.501273Z"
47,"1","dog","2026-01-31T23:17:39.913606Z",247,"/data/local-files/?d=Pets%5C10038.jpg",5.196,"2026-01-31T23:17:39.913606Z"
48,"1","dog","2026-01-31T23:17:46.784326Z",248,"/data/local-files/?d=Pets%5C10039.jpg",6.343,"2026-01-31T23:17:46.784326Z"
49,"1","dog","2026-01-31T23:17:50.668480Z",249,"/data/local-files/?d=Pets%5C1004.jpg",3.67,"2026-01-31T23:17:50.668480Z"
50,"1","dog","2026-01-31T23:17:56.253677Z",250,"/data/local-files/?d=Pets%5C10040.jpg",5.372,"2026-01-31T23:17:56.253677Z"
51,"1","dog","2026-01-31T23:18:00.109363Z",251,"/data/local-files/?d=Pets%5C1005.jpg",3.636,"2026-01-31T23:18:00.109363Z"
52,"1","dog","2026-01-31T23:18:04.685354Z",252,"/data/local-files/?d=Pets%5C1006.jpg",4.061,"2026-01-31T23:18:04.685354Z"
53,"1","dog","2026-01-31T23:18:08.965949Z",253,"/data/local-files/?d=Pets%5C1007.jpg",4.076,"2026-01-31T23:18:08.965949Z"
54,"1","dog","2026-01-31T23:18:14.442324Z",254,"/data/local-files/?d=Pets%5C1008.jpg",5.262,"2026-01-31T23:18:14.442324Z"
55,"1","dog","2026-01-31T23:18:19.572718Z",255,"/data/local-files/?d=Pets%5C1009.jpg",4.922,"2026-01-31T23:18:19.572718Z"
56,"1","dog","2026-01-31T23:18:24.603573Z",256,"/data/local-files/?d=Pets%5C101.jpg",4.498,"2026-01-31T23:18:24.603573Z"
57,"1","dog","2026-01-31T23:18:28.719186Z",257,"/data/local-files/?d=Pets%5C1010.jpg",3.918,"2026-01-31T23:18:28.719186Z"
58,"1","dog","2026-01-31T23:18:33.264084Z",258,"/data/local-files/?d=Pets%5C1011.jpg",4.326,"2026-01-31T23:18:33.264084Z"
59,"1","dog","2026-01-31T23:18:37.650356Z",259,"/data/local-files/?d=Pets%5C1012.jpg",3.855,"2026-01-31T23:18:37.650356Z"
60,"1","dog","2026-01-31T23:18:42.199608Z",260,"/data/local-files/?d=Pets%5C1013.jpg",4.332,"2026-01-31T23:18:42.199608Z"
61,"1","dog","2026-01-31T23:20:17.174060Z",261,"/data/local-files/?d=Pets%5C1014.jpg",94.759,"2026-01-31T23:20:17.174060Z"
62,"1","dog","2026-01-31T23:20:22.593992Z",262,"/data/local-files/?d=Pets%5C1015.jpg",4.721,"2026-01-31T23:20:22.593992Z"
63,"1","dog","2026-01-31T23:20:26.125068Z",263,"/data/local-files/?d=Pets%5C1016.jpg",3.286,"2026-01-31T23:20:26.125068Z"
64,"1","dog","2026-01-31T23:20:31.244980Z",264,"/data/local-files/?d=Pets%5C1017.jpg",4.575,"2026-01-31T23:20:31.245981Z"
65,"1","dog","2026-01-31T23:20:35.789993Z",265,"/data/local-files/?d=Pets%5C1018.jpg",4.306,"2026-01-31T23:20:35.789993Z"
66,"1","dog","2026-01-31T23:20:39.974027Z",266,"/data/local-files/?d=Pets%5C1019.jpg",3.655,"2026-01-31T23:20:39.974027Z"
67,"1","dog","2026-01-31T23:20:43.751157Z",267,"/data/local-files/?d=Pets%5C102.jpg",3.552,"2026-01-31T23:20:43.751157Z"
68,"1","dog","2026-01-31T23:20:48.468661Z",268,"/data/local-files/?d=Pets%5C1020.jpg",4.169,"2026-01-31T23:20:48.468661Z"
69,"1","dog","2026-01-31T23:20:54.037973Z",269,"/data/local-files/?d=Pets%5C1021.jpg",5.354,"2026-01-31T23:20:54.037973Z"
70,"1","dog","2026-01-31T23:21:02.286077Z",270,"/data/local-files/?d=Pets%5C1022.jpg",8.021,"2026-01-31T23:21:02.286077Z"
71,"1","dog","2026-01-31T23:21:06.763011Z",271,"/data/local-files/?d=Pets%5C1023.jpg",3.937,"2026-01-31T23:21:06.763011Z"
72,"1","dog","2026-01-31T23:21:10.903003Z",272,"/data/local-files/?d=Pets%5C1024.jpg",3.893,"2026-01-31T23:21:10.903003Z"
73,"1","dog","2026-01-31T23:21:12.616910Z",273,"/data/local-files/?d=Pets%5C10474.jpg",1.161,"2026-01-31T23:21:12.616910Z"
74,"1","dog","2026-01-31T23:21:16.612295Z",274,"/data/local-files/?d=Pets%5C10475.jpg",3.776,"2026-01-31T23:21:16.612295Z"
75,"1","dog","2026-01-31T23:21:21.269363Z",275,"/data/local-files/?d=Pets%5C10476.jpg",4.422,"2026-01-31T23:21:21.269363Z"
76,"1","dog","2026-01-31T23:21:22.909954Z",276,"/data/local-files/?d=Pets%5C10477.jpg",1.118,"2026-01-31T23:21:22.909954Z"
77,"1","dog","2026-01-31T23:21:24.594298Z",277,"/data/local-files/?d=Pets%5C10478.jpg",1.429,"2026-01-31T23:21:24.594298Z"
78,"1","dog","2026-01-31T23:21:26.216195Z",278,"/data/local-files/?d=Pets%5C10479.jpg",1.102,"2026-01-31T23:21:26.216195Z"
79,"1","dog","2026-01-31T23:21:27.885558Z",279,"/data/local-files/?d=Pets%5C10480.jpg",1.421,"2026-01-31T23:21:27.885558Z"
80,"1","","2026-01-31T23:21:37.497668Z",280,"/data/local-files/?d=Pets%5C10481.jpg",9.402,"2026-01-31T23:21:37.497668Z"
81,"1","dog","2026-01-31T23:21:39.062733Z",281,"/data/local-files/?d=Pets%5C10482.jpg",1.331,"2026-01-31T23:21:39.062733Z"
82,"1","dog","2026-01-31T23:21:44.648384Z",282,"/data/local-files/?d=Pets%5C10483.jpg",5.03,"2026-01-31T23:21:44.648384Z"
83,"1","dog","2026-01-31T23:21:47.258205Z",283,"/data/local-files/?d=Pets%5C10484.jpg",2.375,"2026-01-31T23:21:47.258205Z"
84,"1","dog","2026-01-31T23:21:49.302755Z",284,"/data/local-files/?d=Pets%5C10485.jpg",1.484,"2026-01-31T23:21:49.302755Z"
85,"1","dog","2026-01-31T23:21:51.178306Z",285,"/data/local-files/?d=Pets%5C10486.jpg",1.631,"2026-01-31T23:21:51.178306Z"
86,"1","dog","2026-01-31T23:21:53.150040Z",286,"/data/local-files/?d=Pets%5C10487.jpg",1.445,"2026-01-31T23:21:53.150040Z"
87,"1","dog","2026-01-31T23:21:54.775167Z",287,"/data/local-files/?d=Pets%5C10488.jpg",1.382,"2026-01-31T23:21:54.775167Z"
88,"1","dog","2026-01-31T23:21:56.885854Z",288,"/data/local-files/?d=Pets%5C10489.jpg",1.87,"2026-01-31T23:21:56.885854Z"
89,"1","dog","2026-01-31T23:21:59.354640Z",289,"/data/local-files/?d=Pets%5C10490.jpg",1.939,"2026-01-31T23:21:59.354640Z"
90,"1","dog","2026-01-31T23:22:01.027623Z",290,"/data/local-files/?d=Pets%5C10491.jpg",1.456,"2026-01-31T23:22:01.027623Z"
91,"1","dog","2026-01-31T23:22:02.882599Z",291,"/data/local-files/?d=Pets%5C10492.jpg",1.335,"2026-01-31T23:22:02.882599Z"
92,"1","dog","2026-01-31T23:22:04.156964Z",292,"/data/local-files/?d=Pets%5C10493.jpg",1.056,"2026-01-31T23:22:04.156964Z"
93,"1","dog","2026-01-31T23:22:06.064985Z",293,"/data/local-files/?d=Pets%5C10494.jpg",1.381,"2026-01-31T23:22:06.064985Z"
94,"1","dog","2026-01-31T23:22:07.941108Z",294,"/data/local-files/?d=Pets%5C10495.jpg",1.652,"2026-01-31T23:22:07.941108Z"
95,"1","dog","2026-01-31T23:22:12.952654Z",295,"/data/local-files/?d=Pets%5C10496.jpg",3.933,"2026-01-31T23:22:12.952654Z"
96,"1","dog","2026-01-31T23:22:15.488184Z",296,"/data/local-files/?d=Pets%5C10497.jpg",2.292,"2026-01-31T23:22:15.488184Z"
97,"1","dog","2026-01-31T23:22:17.311485Z",297,"/data/local-files/?d=Pets%5C10498.jpg",1.603,"2026-01-31T23:22:17.311485Z"
98,"1","dog","2026-01-31T23:22:19.032943Z",298,"/data/local-files/?d=Pets%5C10499.jpg",1.176,"2026-01-31T23:22:19.032943Z"
99,"1","dog","2026-01-31T23:22:20.693899Z",299,"/data/local-files/?d=Pets%5C10500.jpg",1.453,"2026-01-31T23:22:20.693899Z"
100,"1","dog","2026-01-31T23:22:22.571925Z",300,"/data/local-files/?d=Pets%5C10501.jpg",1.338,"2026-01-31T23:22:22.571925Z"
101,"1","cat","2026-01-31T23:22:24.572912Z",301,"/data/local-files/?d=Pets%5C9756.jpg",14.373,"2026-01-31T23:24:02.505781Z"
102,"1","cat","2026-01-31T23:22:28.431221Z",302,"/data/local-files/?d=Pets%5C9757.jpg",6.486000000000001,"2026-01-31T23:24:10.314824Z"
103,"1","cat","2026-01-31T23:22:30.227959Z",303,"/data/local-files/?d=Pets%5C9758.jpg",4.511,"2026-01-31T23:24:17.603365Z"
104,"1","cat","2026-01-31T23:22:32.069548Z",304,"/data/local-files/?d=Pets%5C9759.jpg",5.576,"2026-01-31T23:24:24.607842Z"
105,"1","cat","2026-01-31T23:22:33.173764Z",305,"/data/local-files/?d=Pets%5C976.jpg",3.4610000000000003,"2026-01-31T23:24:31.032074Z"
106,"1","cat","2026-01-31T23:24:39.912645Z",306,"/data/local-files/?d=Pets%5C9760.jpg",3.18,"2026-01-31T23:24:39.912645Z"
107,"1","cat","2026-01-31T23:24:41.884969Z",307,"/data/local-files/?d=Pets%5C9761.jpg",1.755,"2026-01-31T23:24:41.884969Z"
108,"1","cat","2026-01-31T23:24:43.846093Z",308,"/data/local-files/?d=Pets%5C9762.jpg",1.439,"2026-01-31T23:24:43.846093Z"
109,"1","cat","2026-01-31T23:24:45.313053Z",309,"/data/local-files/?d=Pets%5C9763.jpg",1.26,"2026-01-31T23:24:45.313053Z"
110,"1","cat","2026-01-31T23:24:48.348350Z",310,"/data/local-files/?d=Pets%5C9764.jpg",2.507,"2026-01-31T23:24:48.348350Z"
111,"1","cat","2026-01-31T23:24:50.372320Z",311,"/data/local-files/?d=Pets%5C9765.jpg",1.798,"2026-01-31T23:24:50.372320Z"
112,"1","cat","2026-01-31T23:24:54.836353Z",312,"/data/local-files/?d=Pets%5C9766.jpg",4.244,"2026-01-31T23:24:54.836353Z"
113,"1","cat","2026-01-31T23:24:56.287850Z",313,"/data/local-files/?d=Pets%5C9767.jpg",1.24,"2026-01-31T23:24:56.287850Z"
114,"1","cat","2026-01-31T23:24:57.661900Z",314,"/data/local-files/?d=Pets%5C9768.jpg",0.85,"2026-01-31T23:24:57.661900Z"
115,"1","cat","2026-01-31T23:24:58.904704Z",315,"/data/local-files/?d=Pets%5C9769.jpg",1.027,"2026-01-31T23:24:58.904704Z"
116,"1","cat","2026-01-31T23:25:00.782683Z",316,"/data/local-files/?d=Pets%5C977.jpg",1.336,"2026-01-31T23:25:00.782683Z"
117,"1","cat","2026-01-31T23:25:05.466234Z",317,"/data/local-files/?d=Pets%5C9770.jpg",4.473,"2026-01-31T23:25:05.466234Z"
118,"1","cat","2026-01-31T23:25:07.368414Z",318,"/data/local-files/?d=Pets%5C9771.jpg",1.365,"2026-01-31T23:25:07.368414Z"
119,"1","cat","2026-01-31T23:25:09.099138Z",319,"/data/local-files/?d=Pets%5C9772.jpg",1.505,"2026-01-31T23:25:09.099138Z"
120,"1","cat","2026-01-31T23:25:11.396143Z",320,"/data/local-files/?d=Pets%5C9773.jpg",1.768,"2026-01-31T23:25:11.396143Z"
121,"1","cat","2026-01-31T23:25:13.076386Z",321,"/data/local-files/?d=Pets%5C9774.jpg",1.453,"2026-01-31T23:25:13.076386Z"
122,"1","cat","2026-01-31T23:25:14.871026Z",322,"/data/local-files/?d=Pets%5C9775.jpg",1.319,"2026-01-31T23:25:14.871026Z"
123,"1","cat","2026-01-31T23:25:16.494172Z",323,"/data/local-files/?d=Pets%5C9776.jpg",1.405,"2026-01-31T23:25:16.494172Z"
124,"1","cat","2026-01-31T23:25:18.095530Z",324,"/data/local-files/?d=Pets%5C9777.jpg",1.362,"2026-01-31T23:25:18.095530Z"
125,"1","cat","2026-01-31T23:25:19.950432Z",325,"/data/local-files/?d=Pets%5C9778.jpg",1.345,"2026-01-31T23:25:19.950432Z"
126,"1","cat","2026-01-31T23:25:21.505970Z",326,"/data/local-files/?d=Pets%5C9779.jpg",1.35,"2026-01-31T23:25:21.505970Z"
127,"1","cat","2026-01-31T23:25:23.436906Z",327,"/data/local-files/?d=Pets%5C978.jpg",1.394,"2026-01-31T23:25:23.436906Z"
128,"1","cat","2026-01-31T23:25:28.062342Z",328,"/data/local-files/?d=Pets%5C9780.jpg",4.379,"2026-01-31T23:25:28.062342Z"
129,"1","cat","2026-01-31T23:25:33.444923Z",329,"/data/local-files/?d=Pets%5C9781.jpg",4.858,"2026-01-31T23:25:33.444923Z"
130,"1","cat","2026-01-31T23:25:37.999971Z",330,"/data/local-files/?d=Pets%5C9782.jpg",4.339,"2026-01-31T23:25:37.999971Z"
131,"1","cat","2026-01-31T23:25:39.816434Z",331,"/data/local-files/?d=Pets%5C9783.jpg",1.295,"2026-01-31T23:25:39.816434Z"
132,"1","cat","2026-01-31T23:25:45.889090Z",332,"/data/local-files/?d=Pets%5C9784.jpg",5.868,"2026-01-31T23:25:45.889090Z"
133,"1","cat","2026-01-31T23:25:49.566634Z",333,"/data/local-files/?d=Pets%5C9785.jpg",3.138,"2026-01-31T23:25:49.566634Z"
134,"1","cat","2026-01-31T23:25:50.835104Z",334,"/data/local-files/?d=Pets%5C9786.jpg",1.052,"2026-01-31T23:25:50.835104Z"
135,"1","cat","2026-01-31T23:25:52.623936Z",335,"/data/local-files/?d=Pets%5C9787.jpg",1.253,"2026-01-31T23:25:52.623936Z"
136,"1","cat","2026-01-31T23:25:54.858984Z",336,"/data/local-files/?d=Pets%5C9788.jpg",1.974,"2026-01-31T23:25:54.858984Z"
137,"1","cat","2026-01-31T23:25:56.849682Z",337,"/data/local-files/?d=Pets%5C9789.jpg",1.762,"2026-01-31T23:25:56.849682Z"
138,"1","cat","2026-01-31T23:25:59.129664Z",338,"/data/local-files/?d=Pets%5C979.jpg",1.747,"2026-01-31T23:25:59.129664Z"
139,"1","cat","2026-01-31T23:26:00.879884Z",339,"/data/local-files/?d=Pets%5C9790.jpg",1.527,"2026-01-31T23:26:00.879884Z"
140,"1","cat","2026-01-31T23:26:02.868543Z",340,"/data/local-files/?d=Pets%5C9791.jpg",1.455,"2026-01-31T23:26:02.868543Z"
141,"1","cat","2026-01-31T23:26:04.505590Z",341,"/data/local-files/?d=Pets%5C9792.jpg",1.422,"2026-01-31T23:26:04.505590Z"
142,"1","cat","2026-01-31T23:26:06.334953Z",342,"/data/local-files/?d=Pets%5C9793.jpg",1.281,"2026-01-31T23:26:06.334953Z"
143,"1","cat","2026-01-31T23:26:07.872360Z",343,"/data/local-files/?d=Pets%5C9794.jpg",1.311,"2026-01-31T23:26:07.872360Z"
144,"1","cat","2026-01-31T23:26:09.874023Z",344,"/data/local-files/?d=Pets%5C9795.jpg",1.459,"2026-01-31T23:26:09.874023Z"
145,"1","cat","2026-01-31T23:26:11.488247Z",345,"/data/local-files/?d=Pets%5C9796.jpg",1.391,"2026-01-31T23:26:11.488247Z"
146,"1","cat","2026-01-31T23:26:13.775887Z",346,"/data/local-files/?d=Pets%5C9797.jpg",1.741,"2026-01-31T23:26:13.775887Z"
147,"1","cat","2026-01-31T23:26:15.639911Z",347,"/data/local-files/?d=Pets%5C9798.jpg",1.637,"2026-01-31T23:26:15.639911Z"
148,"1","cat","2026-01-31T23:26:17.859834Z",348,"/data/local-files/?d=Pets%5C9799.jpg",1.684,"2026-01-31T23:26:17.859834Z"
149,"1","cat","2026-01-31T23:26:19.684160Z",349,"/data/local-files/?d=Pets%5C98.jpg",1.613,"2026-01-31T23:26:19.684160Z"
150,"1","cat","2026-01-31T23:26:22.022540Z",350,"/data/local-files/?d=Pets%5C980.jpg",1.826,"2026-01-31T23:26:22.022540Z"
151,"1","cat","2026-01-31T23:26:23.725775Z",351,"/data/local-files/?d=Pets%5C9800.jpg",1.49,"2026-01-31T23:26:23.725775Z"
152,"1","cat","2026-01-31T23:26:26.161987Z",352,"/data/local-files/?d=Pets%5C9801.jpg",1.909,"2026-01-31T23:26:26.161987Z"
153,"1","cat","2026-01-31T23:26:27.881797Z",353,"/data/local-files/?d=Pets%5C9802.jpg",1.489,"2026-01-31T23:26:27.881797Z"
154,"1","cat","2026-01-31T23:26:30.299151Z",354,"/data/local-files/?d=Pets%5C9803.jpg",1.899,"2026-01-31T23:26:30.299151Z"
155,"1","cat","2026-01-31T23:26:31.949276Z",355,"/data/local-files/?d=Pets%5C9804.jpg",1.431,"2026-01-31T23:26:31.949276Z"
156,"1","cat","2026-01-31T23:26:34.243976Z",356,"/data/local-files/?d=Pets%5C9805.jpg",1.764,"2026-01-31T23:26:34.243976Z"
157,"1","cat","2026-01-31T23:26:36.355334Z",357,"/data/local-files/?d=Pets%5C9806.jpg",1.875,"2026-01-31T23:26:36.355334Z"
158,"1","cat","2026-01-31T23:26:38.394220Z",358,"/data/local-files/?d=Pets%5C9807.jpg",1.514,"2026-01-31T23:26:38.394220Z"
159,"1","cat","2026-01-31T23:26:40.033863Z",359,"/data/local-files/?d=Pets%5C9808.jpg",1.425,"2026-01-31T23:26:40.033863Z"
160,"1","cat","2026-01-31T23:26:44.446817Z",360,"/data/local-files/?d=Pets%5C9809.jpg",3.892,"2026-01-31T23:26:44.446817Z"
161,"1","cat","2026-01-31T23:26:46.188428Z",361,"/data/local-files/?d=Pets%5C981.jpg",1.528,"2026-01-31T23:26:46.188428Z"
162,"1","cat","2026-01-31T23:26:48.031905Z",362,"/data/local-files/?d=Pets%5C9810.jpg",1.302,"2026-01-31T23:26:48.031905Z"
163,"1","cat","2026-01-31T23:26:49.749130Z",363,"/data/local-files/?d=Pets%5C9811.jpg",1.498,"2026-01-31T23:26:49.749130Z"
164,"1","cat","2026-01-31T23:26:52.023965Z",364,"/data/local-files/?d=Pets%5C9812.jpg",1.734,"2026-01-31T23:26:52.023965Z"
165,"1","cat","2026-01-31T23:26:53.882935Z",365,"/data/local-files/?d=Pets%5C9813.jpg",1.639,"2026-01-31T23:26:53.882935Z"
166,"1","cat","2026-01-31T23:26:56.149967Z",366,"/data/local-files/?d=Pets%5C9814.jpg",2.048,"2026-01-31T23:26:56.149967Z"
167,"1","cat","2026-01-31T23:26:58.069378Z",367,"/data/local-files/?d=Pets%5C9815.jpg",1.708,"2026-01-31T23:26:58.069378Z"
168,"1","cat","2026-01-31T23:27:00.126163Z",368,"/data/local-files/?d=Pets%5C9816.jpg",1.521,"2026-01-31T23:27:00.126163Z"
169,"1","cat","2026-01-31T23:27:02.053360Z",369,"/data/local-files/?d=Pets%5C9817.jpg",1.704,"2026-01-31T23:27:02.053360Z"
170,"1","cat","2026-01-31T23:27:04.200957Z",370,"/data/local-files/?d=Pets%5C9818.jpg",1.597,"2026-01-31T23:27:04.200957Z"
171,"1","cat","2026-01-31T23:27:05.722252Z",371,"/data/local-files/?d=Pets%5C9819.jpg",1.305,"2026-01-31T23:27:05.722252Z"
172,"1","cat","2026-01-31T23:27:07.949093Z",372,"/data/local-files/?d=Pets%5C982.jpg",1.667,"2026-01-31T23:27:07.949093Z"
173,"1","cat","2026-01-31T23:27:09.577595Z",373,"/data/local-files/?d=Pets%5C9820.jpg",1.411,"2026-01-31T23:27:09.577595Z"
174,"1","cat","2026-01-31T23:27:11.486027Z",374,"/data/local-files/?d=Pets%5C9821.jpg",1.368,"2026-01-31T23:27:11.486027Z"
175,"1","cat","2026-01-31T23:27:13.232643Z",375,"/data/local-files/?d=Pets%5C9822.jpg",1.516,"2026-01-31T23:27:13.232643Z"
176,"1","cat","2026-01-31T23:27:15.638147Z",376,"/data/local-files/?d=Pets%5C9823.jpg",1.853,"2026-01-31T23:27:15.638147Z"
177,"1","cat","2026-01-31T23:27:17.350983Z",377,"/data/local-files/?d=Pets%5C9824.jpg",1.482,"2026-01-31T23:27:17.350983Z"
178,"1","cat","2026-01-31T23:27:19.347225Z",378,"/data/local-files/?d=Pets%5C9825.jpg",1.779,"2026-01-31T23:27:19.347225Z"
179,"1","cat","2026-01-31T23:27:22.936144Z",379,"/data/local-files/?d=Pets%5C9826.jpg",3.056,"2026-01-31T23:27:22.936144Z"
180,"1","cat","2026-01-31T23:27:28.231500Z",380,"/data/local-files/?d=Pets%5C9827.jpg",5.078,"2026-01-31T23:27:28.231500Z"
181,"1","cat","2026-01-31T23:27:30.443312Z",381,"/data/local-files/?d=Pets%5C9828.jpg",1.685,"2026-01-31T23:27:30.443312Z"
182,"1","cat","2026-01-31T23:27:32.252869Z",382,"/data/local-files/?d=Pets%5C9829.jpg",1.587,"2026-01-31T23:27:32.252869Z"
183,"1","cat","2026-01-31T23:27:34.404197Z",383,"/data/local-files/?d=Pets%5C983.jpg",1.62,"2026-01-31T23:27:34.404197Z"
184,"1","cat","2026-01-31T23:27:36.144333Z",384,"/data/local-files/?d=Pets%5C984.jpg",1.516,"2026-01-31T23:27:36.144333Z"
185,"1","cat","2026-01-31T23:27:38.064127Z",385,"/data/local-files/?d=Pets%5C985.jpg",1.393,"2026-01-31T23:27:38.064127Z"
186,"1","cat","2026-01-31T23:27:39.732764Z",386,"/data/local-files/?d=Pets%5C986.jpg",1.447,"2026-01-31T23:27:39.732764Z"
187,"1","cat","2026-01-31T23:27:41.678212Z",387,"/data/local-files/?d=Pets%5C987.jpg",1.396,"2026-01-31T23:27:41.678212Z"
188,"1","cat","2026-01-31T23:27:43.314650Z",388,"/data/local-files/?d=Pets%5C988.jpg",1.392,"2026-01-31T23:27:43.314650Z"
189,"1","cat","2026-01-31T23:27:45.665039Z",389,"/data/local-files/?d=Pets%5C989.jpg",1.793,"2026-01-31T23:27:45.665039Z"
190,"1","cat","2026-01-31T23:27:47.527191Z",390,"/data/local-files/?d=Pets%5C99.jpg",1.57,"2026-01-31T23:27:47.527191Z"
191,"1","cat","2026-01-31T23:27:49.641550Z",391,"/data/local-files/?d=Pets%5C990.jpg",1.494,"2026-01-31T23:27:49.642053Z"
192,"1","cat","2026-01-31T23:27:51.419633Z",392,"/data/local-files/?d=Pets%5C991.jpg",1.505,"2026-01-31T23:27:51.419633Z"
193,"1","cat","2026-01-31T23:27:53.478790Z",393,"/data/local-files/?d=Pets%5C992.jpg",1.489,"2026-01-31T23:27:53.478790Z"
194,"1","cat","2026-01-31T23:27:55.295937Z",394,"/data/local-files/?d=Pets%5C993.jpg",1.544,"2026-01-31T23:27:55.295937Z"
195,"1","cat","2026-01-31T23:27:57.242853Z",395,"/data/local-files/?d=Pets%5C994.jpg",1.715,"2026-01-31T23:27:57.242853Z"
196,"1","cat","2026-01-31T23:27:58.729607Z",396,"/data/local-files/?d=Pets%5C995.jpg",1.261,"2026-01-31T23:27:58.729607Z"
197,"1","cat","2026-01-31T23:28:01.441316Z",397,"/data/local-files/?d=Pets%5C996.jpg",1.5,"2026-01-31T23:28:01.441316Z"
198,"1","cat","2026-01-31T23:28:03.777148Z",398,"/data/local-files/?d=Pets%5C997.jpg",2.084,"2026-01-31T23:28:03.777148Z"
199,"1","cat","2026-01-31T23:28:05.845580Z",399,"/data/local-files/?d=Pets%5C998.jpg",1.527,"2026-01-31T23:28:05.845580Z"
200,"1","cat","2026-01-31T23:28:07.542236Z",400,"/data/local-files/?d=Pets%5C999.jpg",1.464,"2026-01-31T23:28:07.543242Z"
